
delete from servicios;
delete from caminosalternos;
delete from caminosExcepcion;
delete from poscondiciones;
delete from precondiciones;
delete from entidades;
delete from CasoDeUsoEntity ;


insert into casodeusoentity (id, nombre, documentacion, pruebas) values (500,'Cornelius', 'Donec diam neque, vestibulum eget, vulputate ut, ultrices vel, augue. Vestibulum ante ipsum primis in faucibus orci luctus et ultrices posuere cubilia Curae; Donec pharetra, magna vestibulum aliquet ultrices, erat tortor sollicitudin mi, sit amet lobortis sapien sapien non mi. Integer ac neque.', 0);
insert into casodeusoentity (id, nombre, documentacion, pruebas) values (501, 'Howey', 'Duis bibendum, felis sed interdum venenatis, turpis enim blandit mi, in porttitor pede justo eu massa. Donec dapibus. Duis at velit eu est congue elementum.', 0);
insert into casodeusoentity (id, nombre, documentacion, pruebas) values (502, 'Daisie', 'Praesent blandit. Nam nulla. Integer pede justo, lacinia eget, tincidunt eget, tempus vel, pede.', 1);
insert into casodeusoentity (id, nombre, documentacion, pruebas) values (503, 'Weston', 'Duis consequat dui nec nisi volutpat eleifend. Donec ut dolor. Morbi vel lectus in quam fringilla rhoncus.', 1);
insert into casodeusoentity (id, nombre, documentacion, pruebas) values (504, 'Rodrick', 'In congue. Etiam justo. Etiam pretium iaculis justo.', 0);
insert into casodeusoentity (id, nombre, documentacion, pruebas) values (505, 'Almire', 'Pellentesque at nulla. Suspendisse potenti. Cras in purus eu magna vulputate luctus.', 1);
insert into casodeusoentity (id, nombre, documentacion, pruebas) values (506, 'Genevieve', 'Aenean fermentum. Donec ut mauris eget massa tempor convallis. Nulla neque libero, convallis eget, eleifend luctus, ultricies eu, nibh.', 1);
insert into casodeusoentity (id, nombre, documentacion, pruebas) values (507, 'Noell', 'Lorem ipsum dolor sit amet, consectetuer adipiscing elit. Proin risus. Praesent lectus.', 0);
insert into casodeusoentity (id, nombre, documentacion, pruebas) values (508, 'Ernie', 'Cum sociis natoque penatibus et magnis dis parturient montes, nascetur ridiculus mus. Vivamus vestibulum sagittis sapien. Cum sociis natoque penatibus et magnis dis parturient montes, nascetur ridiculus mus.', 1);
insert into casodeusoentity (id, nombre, documentacion, pruebas) values (509, 'Jacquette', 'Duis bibendum. Morbi non quam nec dui luctus rutrum. Nulla tellus.', 0);
insert into casodeusoentity (id, nombre, documentacion, pruebas) values (510, 'Abbie', 'Maecenas ut massa quis augue luctus tincidunt. Nulla mollis molestie lorem. Quisque ut erat.', 1);
insert into casodeusoentity (id, nombre, documentacion, pruebas) values (511, 'Christi', 'In hac habitasse platea dictumst. Morbi vestibulum, velit id pretium iaculis, diam erat fermentum justo, nec condimentum neque sapien placerat ante. Nulla justo.', 1);
insert into casodeusoentity (id, nombre, documentacion, pruebas) values (512, 'Miguela', 'Duis bibendum. Morbi non quam nec dui luctus rutrum. Nulla tellus.', 0);
insert into casodeusoentity (id, nombre, documentacion, pruebas) values (513, 'Ethan', 'Praesent id massa id nisl venenatis lacinia. Aenean sit amet justo. Morbi ut odio.', 0);
insert into casodeusoentity (id, nombre, documentacion, pruebas) values (514, 'Reinwald', 'Quisque id justo sit amet sapien dignissim vestibulum. Vestibulum ante ipsum primis in faucibus orci luctus et ultrices posuere cubilia Curae; Nulla dapibus dolor vel est. Donec odio justo, sollicitudin ut, suscipit a, feugiat et, eros.', 0);
insert into casodeusoentity (id, nombre, documentacion, pruebas) values (515, 'Armin', 'Phasellus sit amet erat. Nulla tempus. Vivamus in felis eu sapien cursus vestibulum.', 0);
insert into casodeusoentity (id, nombre, documentacion, pruebas) values (516, 'Rogers', 'Duis bibendum, felis sed interdum venenatis, turpis enim blandit mi, in porttitor pede justo eu massa. Donec dapibus. Duis at velit eu est congue elementum.', 1);
insert into casodeusoentity (id, nombre, documentacion, pruebas) values (517, 'Benjamin', 'Duis bibendum, felis sed interdum venenatis, turpis enim blandit mi, in porttitor pede justo eu massa. Donec dapibus. Duis at velit eu est congue elementum.', 1);
insert into casodeusoentity (id, nombre, documentacion, pruebas) values (518, 'Clemente', 'Duis bibendum. Morbi non quam nec dui luctus rutrum. Nulla tellus.', 0);
insert into casodeusoentity (id, nombre, documentacion, pruebas) values (519, 'Ameline', 'Vestibulum quam sapien, varius ut, blandit non, interdum in, ante. Vestibulum ante ipsum primis in faucibus orci luctus et ultrices posuere cubilia Curae; Duis faucibus accumsan odio. Curabitur convallis.', 1);
insert into casodeusoentity (id, nombre, documentacion, pruebas) values (520, 'Lina', 'In hac habitasse platea dictumst. Etiam faucibus cursus urna. Ut tellus.', 1);
insert into casodeusoentity (id, nombre, documentacion, pruebas) values (521, 'Roxi', 'In hac habitasse platea dictumst. Morbi vestibulum, velit id pretium iaculis, diam erat fermentum justo, nec condimentum neque sapien placerat ante. Nulla justo.', 1);
insert into casodeusoentity (id, nombre, documentacion, pruebas) values (522, 'Mose', 'Curabitur in libero ut massa volutpat convallis. Morbi odio odio, elementum eu, interdum eu, tincidunt in, leo. Maecenas pulvinar lobortis est.', 1);
insert into casodeusoentity (id, nombre, documentacion, pruebas) values (523, 'Arabele', 'In congue. Etiam justo. Etiam pretium iaculis justo.', 1);
insert into casodeusoentity (id, nombre, documentacion, pruebas) values (524, 'Ad', 'Fusce posuere felis sed lacus. Morbi sem mauris, laoreet ut, rhoncus aliquet, pulvinar sed, nisl. Nunc rhoncus dui vel sem.', 0);


insert into servicios (casodeusoentity_id, servicios) values (500, 'Roe deer');
insert into servicios (casodeusoentity_id, servicios) values (501, 'Bent-toed gecko');
insert into servicios (casodeusoentity_id, servicios) values (502, 'Cat, kaffir');
insert into servicios (casodeusoentity_id, servicios) values (503, 'Mississippi alligator');
insert into servicios (casodeusoentity_id, servicios) values (504, 'Western palm tanager (unidentified)');
insert into servicios (casodeusoentity_id, servicios) values (505, 'Galapagos albatross');
insert into servicios (casodeusoentity_id, servicios) values (506, 'Fox, savanna');
insert into servicios (casodeusoentity_id, servicios) values (507, 'Seal, northern fur');
insert into servicios (casodeusoentity_id, servicios) values (508, 'Common ringtail');
insert into servicios (casodeusoentity_id, servicios) values (509, 'Cormorant, flightless');
insert into servicios (casodeusoentity_id, servicios) values (510, 'Harbor seal');
insert into servicios (casodeusoentity_id, servicios) values (511, 'European shelduck');
insert into servicios (casodeusoentity_id, servicios) values (512, 'Small-spotted genet');
insert into servicios (casodeusoentity_id, servicios) values (513, 'Cockatoo, slender-billed');
insert into servicios (casodeusoentity_id, servicios) values (514, 'Giant girdled lizard');
insert into servicios (casodeusoentity_id, servicios) values (515, 'Common zorro');
insert into servicios (casodeusoentity_id, servicios) values (516, 'African fish eagle');
insert into servicios (casodeusoentity_id, servicios) values (517, 'Cardinal, red-capped');
insert into servicios (casodeusoentity_id, servicios) values (518, 'Cockatoo, red-breasted');
insert into servicios (casodeusoentity_id, servicios) values (519, 'Deer, spotted');
insert into servicios (casodeusoentity_id, servicios) values (520, 'Marmot, hoary');
insert into servicios (casodeusoentity_id, servicios) values (521, 'Butterfly (unidentified)');
insert into servicios (casodeusoentity_id, servicios) values (522, 'Long-crested hawk eagle');
insert into servicios (casodeusoentity_id, servicios) values (523, 'Green-winged trumpeter');
insert into servicios (casodeusoentity_id, servicios) values (524, 'Wood pigeon');

insert into entidades (casodeusoentity_id,entidades) values (500,'Argalis');
insert into entidades (casodeusoentity_id,entidades) values (501,'Sockeye salmon');
insert into entidades (casodeusoentity_id,entidades) values (502,'Red-knobbed coot');
insert into entidades (casodeusoentity_id,entidades) values (503,'Cockatoo, red-tailed');
insert into entidades (casodeusoentity_id,entidades) values (504,'Stanley crane');
insert into entidades (casodeusoentity_id,entidades) values (505,'Sable antelope');
insert into entidades (casodeusoentity_id,entidades) values (506,'Red-necked wallaby');
insert into entidades (casodeusoentity_id,entidades) values (507,'American racer');
insert into entidades (casodeusoentity_id,entidades) values (508,'Duck, comb');
insert into entidades (casodeusoentity_id,entidades) values (509,'Asian elephant');
insert into entidades (casodeusoentity_id,entidades) values (510,'Sea birds (unidentified)');
insert into entidades (casodeusoentity_id,entidades) values (511,'Kangaroo, western grey');
insert into entidades (casodeusoentity_id,entidades) values (512,'Beisa oryx');
insert into entidades (casodeusoentity_id,entidades) values (513,'Toddy cat');
insert into entidades (casodeusoentity_id,entidades) values (514,'Crab, sally lightfoot');
insert into entidades (casodeusoentity_id,entidades) values (515,'Lion, australian sea');
insert into entidades (casodeusoentity_id,entidades) values (516,'Gerenuk');
insert into entidades (casodeusoentity_id,entidades) values (517,'Water moccasin');
insert into entidades (casodeusoentity_identidades) values (518,'Capuchin, brown');
insert into entidades (casodeusoentity_id,entidades) values (519,'Woodpecker, downy');
insert into entidades (casodeusoentity_id,entidades) values (520,'Praying mantis (unidentified)');
insert into entidades (casodeusoentity_id,entidades) values (521,'Spotted-tailed quoll');
insert into entidades (casodeusoentity_id,entidades) values (522,'Western spotted skunk');
insert into entidades (casodeusoentity_id,entidades) values (523,'Eagle, tawny');
insert into entidades (casodeusoentity_id,entidades) values (524,'Blue catfish');

insert into caminosalternos (casodeusoentity_id,caminosalternos) values (500,'Ford');
insert into caminosalternos (casodeusoentity_id,caminosalternos) values (501,'Suzuki');
insert into caminosalternos (casodeusoentity_id,caminosalternos) values (502,'Ford');
insert into caminosalternos (casodeusoentity_id,caminosalternos) values (503,'Mercury');
insert into caminosalternos (casodeusoentity_id,caminosalternos) values (504,'Kia');
insert into caminosalternos (casodeusoentity_id,caminosalternos) values (505,'Ford');
insert into caminosalternos (casodeusoentity_id,caminosalternos) values (506,'Saab');
insert into caminosalternos (casodeusoentity_id,caminosalternos) values (507,'Lincoln');
insert into caminosalternos (casodeusoentity_id,caminosalternos) values (508,'Mitsubishi');
insert into caminosalternos (casodeusoentity_id,caminosalternos) values (509,'Lexus');
insert into caminosalternos (casodeusoentity_id,caminosalternos) values (510,'Volkswagen');
insert into caminosalternos (casodeusoentity_id,caminosalternos) values (511,'GMC');
insert into caminosalternos (casodeusoentity_id,caminosalternos) values (512,'Jaguar');
insert into caminosalternos (casodeusoentity_id,caminosalternos) values (513,'Lexus');
insert into caminosalternos (casodeusoentity_id,caminosalternos) values (514,'Plymouth');
insert into caminosalternos (casodeusoentity_id,caminosalternos) values (515,'Suzuki');
insert into caminosalternos (casodeusoentity_id,caminosalternos) values (516,'Ford');
insert into caminosalternos (casodeusoentity_id,caminosalternos) values (517,'Volkswagen');
insert into caminosalternos (casodeusoentity_id,caminosalternos) values (518,'Honda');
insert into caminosalternos (casodeusoentity_id,caminosalternos) values (519,'Audi');
insert into caminosalternos (casodeusoentity_id,caminosalternos) values (520,'Acura');
insert into caminosalternos (casodeusoentity_id,caminosalternos) values (521,'Buick');
insert into caminosalternos (casodeusoentity_id,caminosalternos) values (522,'Mercedes-Benz');
insert into caminosalternos (casodeusoentity_id,caminosalternos) values (523,'Toyota');
insert into caminosalternos (casodeusoentity_id,caminosalternos) values (524,'Pontiac');

insert into caminosExcepcion (casodeusoentity_id,caminosExcepcion) values (500,'Sharable motivating success');
insert into caminosExcepcion (casodeusoentity_id,caminosExcepcion) values (501,'Open-architected bifurcated standardization');
insert into caminosExcepcion (casodeusoentity_id,caminosExcepcion) values (502,'Devolved tangible hardware');
insert into caminosExcepcion (casodeusoentity_id,caminosExcepcion) values (503,'De-engineered needs-based workforce');
insert into caminosExcepcion (casodeusoentity_id,caminosExcepcion) values (504,'User-friendly client-driven matrix');
insert into caminosExcepcion (casodeusoentity_id,caminosExcepcion) values (505,'Optional discrete customer loyalty');
insert into caminosExcepcion (casodeusoentity_id,caminosExcepcion) values (506,'Re-engineered fresh-thinking open architecture');
insert into caminosExcepcion (casodeusoentity_id,caminosExcepcion) values (507,'Self-enabling reciprocal policy');
insert into caminosExcepcion (casodeusoentity_id,caminosExcepcion) values (508,'Cross-group transitional database');
insert into caminosExcepcion (casodeusoentity_id,caminosExcepcion) values (509,'Open-architected value-added middleware');
insert into caminosExcepcion (casodeusoentity_id,caminosExcepcion) values (510,'Focused zero administration matrices');
insert into caminosExcepcion (casodeusoentity_id,caminosExcepcion) values (511,'Fundamental disintermediate website');
insert into caminosExcepcion (casodeusoentity_id,caminosExcepcion) values (512,'Quality-focused user-facing superstructure');
insert into caminosExcepcion (casodeusoentity_id,caminosExcepcion) values (513,'Enhanced tertiary benchmark');
insert into caminosExcepcion (casodeusoentity_id,caminosExcepcion) values (514,'Enterprise-wide user-facing initiative');
insert into caminosExcepcion (casodeusoentity_id,caminosExcepcion) values (515,'Total intangible analyzer');
insert into caminosExcepcion (casodeusoentity_id,caminosExcepcion) values (516,'Vision-oriented real-time architecture');
insert into caminosExcepcion (casodeusoentity_id,caminosExcepcion) values (517,'Virtual even-keeled synergy');
insert into caminosExcepcion (casodeusoentity_id,caminosExcepcion) values (518,'Extended zero administration benchmark');
insert into caminosExcepcion (casodeusoentity_id,caminosExcepcion) values (519,'Organic tertiary standardization');
insert into caminosExcepcion (casodeusoentity_id,caminosExcepcion) values (520,'Extended transitional hardware');
insert into caminosExcepcion (casodeusoentity_id,caminosExcepcion) values (521,'Assimilated static capacity');
insert into caminosExcepcion (casodeusoentity_id,caminosExcepcion) values (522,'User-centric intangible success');
insert into caminosExcepcion (casodeusoentity_id,caminosExcepcion) values (523,'Organic reciprocal instruction set');
insert into caminosExcepcion (casodeusoentity_id,caminosExcepcion) values (524,'Configurable scalable info-mediaries');

insert into poscondiciones (casodeusoentity_id,poscondiciones) values (500,'Turquoise');
insert into poscondiciones (casodeusoentity_id,poscondiciones) values (501,'Maroon');
insert into poscondiciones (casodeusoentity_id,poscondiciones) values (502,'Maroon');
insert into poscondiciones (casodeusoentity_id,poscondiciones) values (503,'Maroon');
insert into poscondiciones (casodeusoentity_id,poscondiciones) values (504,'Violet');
insert into poscondiciones (casodeusoentity_id,poscondiciones) values (505,'Indigo');
insert into poscondiciones (casodeusoentity_id,poscondiciones) values (506,'Red');
insert into poscondiciones (casodeusoentity_id,poscondiciones) values (507,'Green');
insert into poscondiciones (casodeusoentity_id,poscondiciones) values (508,'Teal');
insert into poscondiciones (casodeusoentity_id,poscondiciones) values (509,'Purple');
insert into poscondiciones (casodeusoentity_id,poscondiciones) values (510,'Crimson');
insert into poscondiciones (casodeusoentity_id,poscondiciones) values (511,'Puce');
insert into poscondiciones (casodeusoentity_id,poscondiciones) values (512'Turquoise');
insert into poscondiciones (casodeusoentity_id,poscondiciones) values (513,'Maroon');
insert into poscondiciones (casodeusoentity_id,poscondiciones) values (514,'Mauv');
insert into poscondiciones (casodeusoentity_id,poscondiciones) values (515,'Khaki');
insert into poscondiciones (casodeusoentity_id,poscondiciones) values (516,'Maroon');
insert into poscondiciones (casodeusoentity_id,poscondiciones) values (517,'Yellow');
insert into poscondiciones (casodeusoentity_id,poscondiciones) values (518,'Orange');
insert into poscondiciones (casodeusoentity_id,poscondiciones) values (519,'Pink');
insert into poscondiciones (casodeusoentity_id,poscondiciones) values (520,'Pink');
insert into poscondiciones (casodeusoentity_id,poscondiciones) values (521,'Fuscia');
insert into poscondiciones (casodeusoentity_id,poscondiciones) values (522,'Fuscia');
insert into poscondiciones (casodeusoentity_id,poscondiciones) values (523,'Orange');
insert into poscondiciones (casodeusoentity_id,poscondiciones) values (524,'Turquoise');

insert into precondiciones (casodeusoentity_id,precondiciones) values (500,'Valmiera');
insert into precondiciones (casodeusoentity_id,precondiciones) values (501,'Yuxi');
insert into precondiciones (casodeusoentity_id,precondiciones) values (502,'Nogoonnuur');
insert into precondiciones (casodeusoentity_id,precondiciones) values (503,'Nova Olímpia');
insert into precondiciones (casodeusoentity_id,precondiciones) values (504,'Kuchinarai');
insert into precondiciones (casodeusoentity_id,precondiciones) values (505,'Ningshan Chengguanzhen');
insert into precondiciones (casodeusoentity_id,precondiciones) values (506,'Youyun');
insert into precondiciones (casodeusoentity_id,precondiciones) values (507,'Dolní Bečva');
insert into precondiciones (casodeusoentity_id,precondiciones) values (508,'Jenggawah');
insert into precondiciones (casodeusoentity_id,precondiciones) values (509,'Vaitogi');
insert into precondiciones (casodeusoentity_id,precondiciones) values (510,'Bhopālwāla');
insert into precondiciones (casodeusoentity_id,precondiciones) values (511,'Jing’an');
insert into precondiciones (casodeusoentity_id,precondiciones) values (512,'Rumelange');
insert into precondiciones (casodeusoentity_id,precondiciones) values (513,'Igarapé Miri');
insert into precondiciones (casodeusoentity_id,precondiciones) values (514,'Panikihan');
insert into precondiciones (casodeusoentity_id,precondiciones) values (515,'Aleg');
insert into precondiciones (casodeusoentity_id,precondiciones) values (516,'Shimabara');
insert into precondiciones (casodeusoentity_id,precondiciones) values (517,'Petropavlovsk');
insert into precondiciones (casodeusoentity_id,precondiciones) values (518,'Duayaw Nkwanta');
insert into precondiciones (casodeusoentity_id,precondiciones) values (519,'Hamilton');
insert into precondiciones (casodeusoentity_id,precondiciones) values (520,'Dagang');
insert into precondiciones (casodeusoentity_id,precondiciones) values (521,'Lac La Biche');
insert into precondiciones (casodeusoentity_id,precondiciones) values (522,'Fukumitsu');
insert into precondiciones (casodeusoentity_idprecondiciones) values (523,'Vinha');
insert into precondiciones (casodeusoentity_id,precondiciones) values (524,'Fengshuling');


delete from RequisitosEntity;


insert into RequisitosEntity (fuente, autor, descripcion, importancia, estabilidad, comentariosAdicionales, tipo, nombre) values ('Mueller, Okuneva and Murphy', 'Frederick Abramov', 'Black-cheeked waxbill', 1, 0, 'Suspendisse potenti. In eleifend quam a odio.', 2, 'Multi-channelled radical toolset');
insert into RequisitosEntity (fuente, autor, descripcion, importancia, estabilidad, comentariosAdicionales, tipo, nombre) values ('Hessel, Dooley and Schuppe', 'Rosetta Raubenheim', 'Glider, sugar', 2, 1, 'Curabitur in libero ut massa volutpat convallis.', 2, 'Managed encompassing task-force');
insert into RequisitosEntity (fuente, autor, descripcion, importancia, estabilidad, comentariosAdicionales, tipo, nombre) values ('Rowe and Sons', 'Weylin Haysom', 'Macaw, green-winged', 3, 0, 'Praesent id massa id nisl venenatis lacinia.', 3, 'Versatile bifurcated framework');
insert into RequisitosEntity (fuente, autor, descripcion, importancia, estabilidad, comentariosAdicionales, tipo, nombre) values ('Robel-Treutel', 'Ray Crosston', 'Russian dragonfly', 4, 1, 'Integer non velit. Donec diam neque, vestibulum eget, vulputate ut, ultrices vel, augue.', 4, 'Triple-buffered disintermediate strategy');
insert into RequisitosEntity (fuente, autor, descripcion, importancia, estabilidad, comentariosAdicionales, tipo, nombre) values ('Kozey-Bode', 'Roman Gowland', 'Blackbuck', 5, 0, 'Quisque erat eros, viverra eget, congue eget, semper rutrum, nulla. Nunc purus.', 3, 'Decentralized bandwidth-monitored success');
insert into RequisitosEntity (fuente, autor, descripcion, importancia, estabilidad, comentariosAdicionales, tipo, nombre) values ('Mante-Wilderman', 'Todd Boise', 'Bonnet macaque', 6, 1, 'Fusce consequat.', 4, 'Right-sized holistic monitoring');
insert into RequisitosEntity (fuente, autor, descripcion, importancia, estabilidad, comentariosAdicionales, tipo, nombre) values ('Cassin-Schmitt', 'Ericka Sandford', 'Giant heron', 7, 1, 'Suspendisse ornare consequat lectus. In est risus, auctor sed, tristique in, tempus sit amet, sem.', 4, 'Configurable stable capacity');
insert into RequisitosEntity (fuente, autor, descripcion, importancia, estabilidad, comentariosAdicionales, tipo, nombre) values ('Hirthe-Goyette', 'Kevan Petersen', 'African jacana', 8, 0, 'Praesent lectus.', 4, 'Expanded human-resource capability');
insert into RequisitosEntity (fuente, autor, descripcion, importancia, estabilidad, comentariosAdicionales, tipo, nombre) values ('Shields LLC', 'Bonni Christophers', 'Camel, dromedary', 9, 0, 'Integer pede justo, lacinia eget, tincidunt eget, tempus vel, pede.', 4, 'Pre-emptive client-server pricing structure');
insert into RequisitosEntity (fuente, autor, descripcion, importancia, estabilidad, comentariosAdicionales, tipo, nombre) values ('Shanahan Group', 'Angel Lared', 'Asian openbill', 10, 0, 'Morbi vel lectus in quam fringilla rhoncus. Mauris enim leo, rhoncus sed, vestibulum sit amet, cursus id, turpis.', 3, 'Profound optimal projection');
insert into RequisitosEntity (fuente, autor, descripcion, importancia, estabilidad, comentariosAdicionales, tipo, nombre) values ('Crooks-Powlowski', 'Stevena Amery', 'Ring-tailed lemur', 11, 0, 'Morbi a ipsum. Integer a nibh.', 3, 'Secured asymmetric definition');
insert into RequisitosEntity (fuente, autor, descripcion, importancia, estabilidad, comentariosAdicionales, tipo, nombre) values ('Volkman-Ward', 'Siward Booker', 'Bleeding heart monkey', 12, 1, 'Cras in purus eu magna vulputate luctus. Cum sociis natoque penatibus et magnis dis parturient montes, nascetur ridiculus mus.', 0, 'Expanded zero defect productivity');
insert into RequisitosEntity (fuente, autor, descripcion, importancia, estabilidad, comentariosAdicionales, tipo, nombre) values ('Turner and Sons', 'Adara McKniely', 'Honey badger', 13, 1, 'Morbi non quam nec dui luctus rutrum.', 4, 'Customer-focused leading edge access');
insert into RequisitosEntity (fuente, autor, descripcion, importancia, estabilidad, comentariosAdicionales, tipo, nombre) values ('Welch and Sons', 'Wilma Smickle', 'Three-banded plover', 14, 1, 'Duis at velit eu est congue elementum.', 2, 'User-friendly impactful benchmark');
insert into RequisitosEntity (fuente, autor, descripcion, importancia, estabilidad, comentariosAdicionales, tipo, nombre) values ('West, Predovic and Schiller', 'Margot Gregorio', 'Golden brush-tailed possum', 15, 1, 'Maecenas tincidunt lacus at velit. Vivamus vel nulla eget eros elementum pellentesque.', 1, 'Organized bifurcated firmware');
insert into RequisitosEntity (fuente, autor, descripcion, importancia, estabilidad, comentariosAdicionales, tipo, nombre) values ('Bahringer and Sons', 'Meade Coulston', 'Asian foreset tortoise', 16, 1, 'Suspendisse potenti.', 3, 'Future-proofed demand-driven architecture');
insert into RequisitosEntity (fuente, autor, descripcion, importancia, estabilidad, comentariosAdicionales, tipo, nombre) values ('Durgan, Kertzmann and Cummings', 'Tiffany Antusch', 'Blue catfish', 17, 1, 'Morbi sem mauris, laoreet ut, rhoncus aliquet, pulvinar sed, nisl. Nunc rhoncus dui vel sem.', 0, 'Virtual coherent paradigm');
insert into RequisitosEntity (fuente, autor, descripcion, importancia, estabilidad, comentariosAdicionales, tipo, nombre) values ('Lesch, Bogan and Fritsch', 'Cam McNiff', 'Bandicoot, long-nosed', 18, 1, 'Sed sagittis. Nam congue, risus semper porta volutpat, quam pede lobortis ligula, sit amet eleifend pede libero quis orci.', 4, 'Seamless scalable hardware');
insert into RequisitosEntity (fuente, autor, descripcion, importancia, estabilidad, comentariosAdicionales, tipo, nombre) values ('Kemmer, Cremin and Haag', 'Fayette Pattullo', 'African elephant', 19, 1, 'Nullam sit amet turpis elementum ligula vehicula consequat.', 3, 'Adaptive fresh-thinking alliance');
insert into RequisitosEntity (fuente, autor, descripcion, importancia, estabilidad, comentariosAdicionales, tipo, nombre) values ('MacGyver-Kozey', 'Jacob MacNalley', 'Wild boar', 20, 1, 'Proin eu mi.', 4, 'User-centric homogeneous alliance');
insert into RequisitosEntity (fuente, autor, descripcion, importancia, estabilidad, comentariosAdicionales, tipo, nombre) values ('Bogisich and Sons', 'Trixi Gouly', 'Llama', 21, 0, 'Cras mi pede, malesuada in, imperdiet et, commodo vulputate, justo.', 0, 'Assimilated secondary methodology');
insert into RequisitosEntity (fuente, autor, descripcion, importancia, estabilidad, comentariosAdicionales, tipo, nombre) values ('Bogan-Harvey', 'Margarette Matyushenko', 'Madagascar hawk owl', 22, 1, 'Fusce consequat. Nulla nisl.', 2, 'Seamless zero tolerance service-desk');
insert into RequisitosEntity (fuente, autor, descripcion, importancia, estabilidad, comentariosAdicionales, tipo, nombre) values ('Runolfsdottir Group', 'Austin Ruller', 'Sungazer, yellow-brown', 23, 1, 'Integer ac leo. Pellentesque ultrices mattis odio.', 4, 'Optional high-level alliance');
insert into RequisitosEntity (fuente, autor, descripcion, importancia, estabilidad, comentariosAdicionales, tipo, nombre) values ('Trantow, Ratke and Luettgen', 'Jillayne Duding', 'Goose, snow', 24, 1, 'Nullam varius.', 4, 'Managed real-time methodology');
insert into RequisitosEntity (fuente, autor, descripcion, importancia, estabilidad, comentariosAdicionales, tipo, nombre) values ('Bashirian and Sons', 'Murry McQuarrie', 'Mynah, common', 25, 1, 'Donec posuere metus vitae ipsum. Aliquam non mauris.', 3, 'Organic maximized toolset');

